OBJECTID,WARD,SHAPESTArea,SHAPESTLength,FEATURECODE,NAME_TXT,MUNIC,MUNIC_NAME,PRECINCT,STATE_CD,MCD_CD,CONG_DIST,SEN_DIST,HOUSE_DIST,COMM_DIST,PARK_COUNTY,PARK_MPLS,GlobalID
1,,2502502.34779974,7680.90533672884,260,Saint Anthony P-01,94,St. Anthony,2765,27,205,5,39,39B,2,3,,{5F55F289-0B98-4D17-BE3B-E78E45932EB2}
2,,1868861.19354236,6379.23936607779,260,Saint Anthony P-02,94,St. Anthony,2770,27,205,5,39,39B,2,3,,{DFFA1367-08BC-47AB-8B73-DB49C27B5330}
3,,12129853.2290243,23210.193394968,260,Wayzata P-01,99,Wayzata,2910,27,235,3,45,45B,6,1,,{04D8D298-7FFE-413E-AFF9-787D7349E2BB}
4,,2768169.51346722,8944.23804622357,260,Maple Plain P-01,77,Maple Plain,1335,27,120,3,37,37A,7,1,,{5561212D-BE83-4916-8D12-7C4799C1EF96}
5,,55590483.9221656,39826.9258967049,260,Greenfield P-01,65,Greenfield,1050,27,75,3,37,37A,7,1,,{2CB2BDA5-8CC9-46C4-A8C4-234193A551F6}
6,,89534565.4400075,45422.7150471386,260,Independence P-01,70,Independence,1150,27,100,3,37,37A,7,1,,{ABBEC94F-1C28-4A05-9A18-8BD5B0E5EA86}
7,,2441358.3589559,10796.8637206116,260,Long Lake P-01,72,Long Lake,1160,27,105,3,45,45A,6,1,,{207E1014-D73D-479C-AE20-D3852E9FF7A2}
8,,2691577.39318517,8969.76269523695,260,Saint Bonifacius P-01,95,St. Bonifacius,2780,27,210,3,45,45A,7,1,,{32B48596-B0E6-4AE8-B770-E9A15FA6FFE4}
9,,31317736.9748659,32377.6185661055,260,Minnetrista P-02,36,Minnetrista,2245,27,151,3,45,45A,7,1,,{0339B914-BC30-411F-8C72-F038FCE2DD2D}
10,,18673925.6467131,23514.606966102,260,Minnetrista P-01,36,Minnetrista,2240,27,151,3,45,45A,7,1,,{06386C0B-6BA5-427B-8A96-ABE63C85EFE2}
11,,18291202.8043102,21959.3588359776,260,Minnetrista P-04,36,Minnetrista,2255,27,151,3,45,45A,7,1,,{9F1F8085-FC6A-4DB5-ABB7-A7FD41FD02BD}
12,,11811306.751875,30978.0523732879,260,Minnetrista P-03,36,Minnetrista,2250,27,151,3,45,45A,7,1,,{7C422845-0539-4030-B902-BC89BBB9A1D2}
13,,958654.532313825,4921.74361667641,260,Medicine Lake P-01,79,Medicine Lake,1345,27,125,3,42,42B,2,1,,{EE51D12E-6790-4D2B-A51C-92896BD2403F}
14,,5081452.32087985,13041.7281320567,260,Deephaven P-01,59,Deephaven,0675,27,50,3,45,45B,6,4,,{59BD965F-5A3F-4B9B-BF6B-897CFAEBAF8C}
15,,5027877.8202181,13020.0827221526,260,Deephaven P-02,59,Deephaven,0680,27,50,3,45,45B,6,4,,{524D7830-0BDF-4569-9FD6-5D7060D395F5}
16,1,6038948.30375309,15226.3145213459,260,Champlin W-01 P-01,50,Champlin,0450,27,25,3,34,34A,7,2,,{C16AF807-0632-4FD0-913B-DAE2D5C29FDD}
17,2,7390828.28474382,12448.0568361514,260,Champlin W-02 P-01,50,Champlin,0455,27,25,3,34,34A,7,2,,{1B1E70A5-5569-4B28-9111-0B1FD69E1EA1}
18,3,4574056.39545614,11924.4907296535,260,Champlin W-03 P-01,50,Champlin,0460,27,25,3,34,34A,7,2,,{D072A19F-A07F-46B7-83A5-766C0641D6AF}
19,4,2116653.50165852,6399.36695281952,260,Champlin W-04 P-01,50,Champlin,0465,27,25,3,34,34A,7,2,,{A10EEEB1-9608-446D-BFCB-852FD2C2AF08}
20,4,2344908.16379383,8664.68913579369,260,Champlin W-04 P-02,50,Champlin,0470,27,25,3,34,34B,7,2,,{0F66B1B2-44A5-4766-9F6E-B78FBBB6FA5C}
21,,41001734.2236382,27922.7711566404,260,Corcoran P-01,52,Corcoran,0500,27,30,3,37,37A,7,1,,{7749691A-CB6D-49B4-A0EE-5E148EC8CA18}
22,,21117413.7677183,21823.477280398,260,Corcoran P-02,52,Corcoran,0505,27,30,3,37,37A,7,1,,{648F853C-DF5D-4890-9B96-120A57253D3D}
23,,31213560.4012368,25552.4031048661,260,Corcoran P-03,52,Corcoran,0510,27,30,3,37,37A,7,1,,{301FE3D8-4CCF-48DB-B36D-F6B0D857A2FD}
24,2,1600586.53988634,8196.35898299563,260,Crystal W-02 P-01,54,Crystal,0560,27,35,5,43,43B,1,3,,{AEBB5739-C658-4FD9-B95D-BFC098CE5E35}
25,2,1948788.92374983,8437.16371380674,260,Crystal W-02 P-02,54,Crystal,0565,27,35,5,43,43A,1,3,,{955BCD6E-149C-4E23-97E6-5B480675E078}
26,1,3183541.49454631,15124.9883492696,260,Crystal W-01 P-01,54,Crystal,0550,27,35,5,43,43A,1,3,,{1BB97573-5128-427D-983C-CE735907AD32}
27,3,3714398.36022558,10160.3517453141,260,Crystal W-03 P-01,54,Crystal,0570,27,35,5,43,43A,1,3,,{967793FB-7F5B-4636-96DA-64788EC50BCD}
28,4,4777740.85080685,12653.5593393616,260,Crystal W-04 P-01,54,Crystal,0585,27,35,5,43,43A,1,3,,{596331E5-1C7D-4299-B722-5F181CC9E847}
29,,1463626.9189596,6644.81033868856,260,Hopkins P-01,30,Hopkins,1110,27,95,3,46,46B,6,4,,{6A018A26-9BB4-4C75-9983-4777B20D1ED7}
30,,2241370.25820955,8331.42592388194,260,Hopkins P-02,30,Hopkins,1115,27,95,3,46,46B,6,4,,{69892BB3-923F-4ED7-B182-58218BB40248}
31,,2344897.86625791,6572.13927244804,260,Hopkins P-03,30,Hopkins,1120,27,95,3,46,46B,6,4,,{6071B54F-BD30-430F-B032-F6066A9EE0AF}
32,,1105883.3269916,4330.519263581,260,Hopkins P-04,30,Hopkins,1125,27,95,3,46,46B,6,4,,{8B5B9FAD-F0F5-41A8-81A1-C375604FDCA1}
33,,3434893.98779343,13704.5046783136,260,Hopkins P-05,30,Hopkins,1130,27,95,3,46,46B,6,4,,{427767C0-598B-4218-97AB-08F1349DC546}
34,,5829891.5252257,11309.7796175742,260,Maple Grove P-12,76,Maple Grove,1245,27,115,3,42,42A,7,2,,{84A54F0F-AD2D-4649-957B-9899076A75A5}
35,,4838549.06637725,12934.6492844856,260,Maple Grove P-11,76,Maple Grove,1240,27,115,3,37,37B,7,2,,{EB2EDEDB-DBB3-4879-B10F-C81F04ABB66F}
36,,4545702.42292444,8976.32100563286,260,Maple Grove P-09,76,Maple Grove,1230,27,115,3,37,37B,7,2,,{A561AC47-E759-4E7A-9F13-ECB4160F5A99}
37,,5481128.60881675,9698.65687376189,260,Maple Grove P-08,76,Maple Grove,1225,27,115,3,37,37B,7,2,,{0D621B82-FF6D-4E84-938C-850BAD376195}
38,,5706855.46309824,13898.3639681469,260,Maple Grove P-14,76,Maple Grove,1255,27,115,3,37,37A,7,2,,{8A60AE0B-F8C1-4B08-96D7-32913194A142}
39,,4737522.53283282,9889.96334733921,260,Maple Grove P-13,76,Maple Grove,1250,27,115,3,37,37A,7,2,,{C91C4F03-C29D-4D4A-83FF-06500F62E9D8}
40,,4989711.34018416,11050.8437258214,260,Maple Grove P-15,76,Maple Grove,1260,27,115,3,37,37A,7,2,,{AF2710E6-476B-40B3-BEEF-EFE748192494}
41,,8009364.81904452,12813.8381082105,260,Maple Grove P-01,76,Maple Grove,1190,27,115,3,37,37A,7,2,,{4D5AD470-122A-4E29-A599-F514914B6845}
42,,4939255.35140382,15084.9620909192,260,Maple Grove P-10,76,Maple Grove,1235,27,115,3,37,37B,7,2,,{3BF5C71A-F913-4A2A-B692-366B1466EC30}
43,,5257732.35413991,13284.7207552637,260,Maple Grove P-03,76,Maple Grove,1200,27,115,3,37,37B,7,2,,{4FD699BC-1870-41BA-9761-A979127DEAA3}
44,,14905311.4377759,18977.9289919828,260,Maple Grove P-02,76,Maple Grove,1195,27,115,3,37,37B,7,2,,{2DCEEBC8-8B2E-4BAC-B45B-4EF0043F4CA5}
45,,2908245.14994685,9262.4686097171,260,Maple Grove P-06,76,Maple Grove,1215,27,115,3,37,37B,7,2,,{088E62E6-85EF-41D4-AF58-1F71745F330F}
46,,10120617.8945461,15707.7759880353,260,Maple Grove P-07,76,Maple Grove,1220,27,115,3,37,37B,7,2,,{BBD8315C-FEC8-4586-A0B4-C041B92C8655}
47,,5316039.64854208,11875.5582694752,260,Maple Grove P-05,76,Maple Grove,1210,27,115,3,37,37B,7,2,,{E769C5AA-637D-4F7D-8468-53A861408DB8}
48,,3148295.31736751,7904.66083314113,260,Maple Grove P-04,76,Maple Grove,1205,27,115,3,37,37B,7,2,,{445A7FA0-03E5-4E2B-B8E8-B19A77CAA60B}
49,,4270951.45702268,12592.122637131,260,Mound P-03,85,Mound,2270,27,160,3,45,45A,7,1,,{E06D3558-D981-4C84-80D9-35CBC1DF334F}
50,,3085563.48314797,7179.92835729772,260,Mound P-02,85,Mound,2265,27,160,3,45,45A,6,1,,{78808BFC-37A9-4FDC-A43F-D097AAFACBE4}
51,,2843238.3483025,8066.69954821924,260,Mound P-04,85,Mound,2275,27,160,3,45,45A,7,1,,{28303FA9-9E3B-43C3-861D-A6E2EA3C7C45}
52,,2943485.50332591,6975.12387797142,260,Mound P-01,85,Mound,2260,27,160,3,45,45A,6,1,,{33FD787B-0B06-458A-85BD-AA69B29FB4B2}
53,,1428282.41293106,11024.005341314,260,New Hope P-01,86,New Hope,2290,27,165,5,43,43A,1,3,,{21F6F673-3668-44DF-87A4-9E5D48EA12D1}
54,,1277200.93943218,4881.63888686983,260,New Hope P-02,86,New Hope,2295,27,165,5,43,43A,1,1,,{BC9C8E23-0AC9-4654-840E-EAFC74DAAF84}
55,,2002130.79333092,5685.73348860137,260,New Hope P-03,86,New Hope,2300,27,165,5,43,43A,1,1,,{F220E81D-D25B-4C1D-A198-D02FBAE39D30}
56,,1892501.81131907,5607.19935863564,260,New Hope P-04,86,New Hope,2310,27,165,5,43,43A,1,1,,{67D0F129-5F99-4589-972B-77C14F2FFAFB}
57,,1512435.90938476,6422.06374321636,260,New Hope P-05,86,New Hope,2315,27,165,5,43,43A,1,1,,{1A4D226A-337C-4688-84EA-78F64AC28122}
58,,1396640.00086652,5094.15547275629,260,New Hope P-06,86,New Hope,2320,27,165,5,43,43A,1,1,,{BE0D2236-77A9-4539-9537-21394F7EC4DC}
59,,1821898.8531692,7105.02222862048,260,New Hope P-07,86,New Hope,2330,27,165,5,43,43A,1,1,,{19D2CB64-EFB2-4843-BCE8-7636CB96ADA8}
60,,1904452.51909277,10138.1563387978,260,New Hope P-08,86,New Hope,2335,27,165,5,43,43A,1,1,,{B7DC1B3D-4400-4C67-A1A0-AB6B12C9F542}
61,,32021207.4586828,37626.4010195947,260,Orono P-01,38,Orono,2355,27,170,3,45,45A,6,1,,{2D8B6C1B-673E-460C-9A8E-770E5773E752}
62,,12817055.8676736,22644.3164897742,260,Orono P-03,38,Orono,2365,27,170,3,45,45A,6,1,,{44AEC906-3064-4086-88D9-224356968CB2}
63,,17251530.7922349,26738.6595581638,260,Orono P-02,38,Orono,2360,27,170,3,45,45A,6,1,,{BC747DE5-88BC-4BF1-874D-4902A9D736BD}
64,,17612352.3073688,25183.6223629099,260,Rogers P-01,92,Rogers,2710,27,200,3,34,34A,7,1,,{86C6C50C-CE2C-4F93-ACFE-C16764DC056C}
65,,15404432.8587286,23090.654737337,260,Rogers P-02,92,Rogers,2715,27,200,3,34,34A,7,1,,{7CB67277-504C-444A-B94C-07466844D89A}
66,,34828192.5482622,30856.3935209853,260,Rogers P-03,92,Rogers,2720,27,200,3,34,34A,7,1,,{295A02C4-CFC0-410E-8B6B-F428B44781D5}
67,,9914720.57233677,12989.4520783736,260,Shorewood P-01,26,Shorewood,2725,27,220,3,45,45A,6,4,,{E1078E1E-9AF8-42BE-9B71-EFCC37202EA7}
68,,2451982.58527677,9286.44915785565,260,Shorewood P-03,26,Shorewood,2735,27,220,3,45,45B,6,4,,{265DA9A8-712F-425C-A95D-844F1171C92B}
69,,2926306.21580897,8037.82160350654,260,Brooklyn Center P-01,22,Brooklyn Center,0200,27,10,5,38,38B,1,3,,{8CF105D9-24D1-4467-88A0-7013AF629901}
70,,4355789.65583358,11576.8363625742,260,Brooklyn Center P-02,22,Brooklyn Center,0205,27,10,5,38,38B,1,3,,{D5C2A7A4-E661-4EB4-8358-7DF7526C0B5A}
71,,3465741.70907442,10216.0987129323,260,Brooklyn Center P-03,22,Brooklyn Center,0210,27,10,5,38,38B,1,3,,{50ADA094-84F3-41E8-BB71-CA4021B55E67}
72,,2698731.07235538,7549.06320898484,260,Brooklyn Center P-04,22,Brooklyn Center,0215,27,10,5,38,38B,1,3,,{CDF3F005-FBD7-4629-9C4A-BA03E7E0DB5E}
73,,4997181.99371441,10159.2424841864,260,Brooklyn Center P-06,22,Brooklyn Center,0225,27,10,5,38,38B,1,3,,{B564EA79-83D7-4D5F-A079-997570721E3F}
74,,2724142.55476642,7218.71767188808,260,Golden Valley P-01,28,Golden Valley,0985,27,70,5,43,43B,2,3,,{C0424DF3-9B63-4F38-A954-894A1219E5FB}
75,,2814011.03565256,8851.4797953196,260,Golden Valley P-02,28,Golden Valley,0990,27,70,5,43,43B,2,3,,{84FA656B-6476-42A0-AEF4-DEE8ADA2A021}
76,,5564365.90186966,12923.7969004476,260,Golden Valley P-03,28,Golden Valley,1000,27,70,5,43,43B,2,3,,{813203B3-3536-4830-B28B-352922BA81B8}
77,,2943772.80894129,9738.46414483053,260,Golden Valley P-04,28,Golden Valley,1005,27,70,5,43,43B,2,3,,{7D4213EB-C7E7-4DC4-920D-E384294A0E66}
78,,2146445.59273217,8631.37128579822,260,Golden Valley P-05,28,Golden Valley,1010,27,70,5,43,43B,2,3,,{4A546287-3FF8-449B-ACF7-22541C8BD662}
79,,3054103.06932863,8082.65804457144,260,Golden Valley P-06,28,Golden Valley,1015,27,70,5,43,43B,2,3,,{FDB33CDB-47DA-4E60-AEA9-F8C47A42ED8A}
80,,2351602.34220604,6995.10928799444,260,Golden Valley P-07,28,Golden Valley,1020,27,70,5,43,43B,2,3,,{FA764A4B-4007-4A6C-A432-875A7F78DEDE}
81,,5679679.40374973,10693.2747981342,260,Golden Valley P-08,28,Golden Valley,1025,27,70,5,43,43B,2,3,,{6A56A8B5-DBD6-407B-A376-8536B9ADB58C}
82,01,5103562.63835163,11070.8514921567,260,Bloomington W-01 P-01,20,Bloomington,0005,27,5,3,51,51B,5,5,,{DDD718B4-6DFE-4AE2-B488-EF954D98E614}
83,01,3809525.34182788,10199.027249691,260,Bloomington W-01 P-02,20,Bloomington,0010,27,5,3,51,51B,5,5,,{67C7C4AE-0122-4DFC-A1B3-C68151180D33}
84,01,1834992.9757341,8684.38078533069,260,Bloomington W-01 P-03,20,Bloomington,0015,27,5,3,51,51B,5,5,,{880045FC-5271-4FA7-8A2D-80D0084BAFC4}
85,01,1847663.58495286,6667.37863326318,260,Bloomington W-01 P-07,20,Bloomington,0035,27,5,3,50,50B,5,5,,{198BB017-088B-4A6E-ADEF-CF5035845BB6}
86,01,2280002.59851344,7681.89850109355,260,Bloomington W-01 P-06,20,Bloomington,0030,27,5,3,50,50B,5,5,,{CCF98F75-875F-4D90-99EC-38BB610F569F}
87,01,4177593.01332329,11646.3715926355,260,Bloomington W-01 P-05,20,Bloomington,0025,27,5,3,51,51B,5,5,,{21462CC9-956C-483C-A1EA-F087E13AFB50}
88,02,2674605.00592796,6802.276290313,260,Bloomington W-02 P-08,20,Bloomington,0040,27,5,3,50,50B,5,5,,{AA75018F-686F-4477-A3C2-10A640A94D79}
89,02,2228719.84900279,7877.16628936775,260,Bloomington W-02 P-11,20,Bloomington,0055,27,5,3,50,50B,5,5,,{60428136-55CA-40E5-B676-061EB3D29607}
90,02,1849188.31825035,7052.02869784008,260,Bloomington W-02 P-15,20,Bloomington,0075,27,5,3,50,50B,5,5,,{FA3F30D9-B2F2-4691-9AD2-92FD088967BE}
91,02,5774808.40208391,13227.8606112299,260,Bloomington W-02 P-12,20,Bloomington,0060,27,5,3,50,50B,5,5,,{1682ADCC-8B39-4AD2-9643-8F1EF11AF1A1}
92,02,2221417.26001927,7827.15557265892,260,Bloomington W-02 P-14,20,Bloomington,0070,27,5,3,50,50B,5,5,,{CC379464-DD7B-4B45-9AA6-6617BF1AE8FB}
93,02,2190462.56276383,6202.85618795324,260,Bloomington W-02 P-09,20,Bloomington,0045,27,5,3,50,50B,5,5,,{36DBD2C0-CEF4-4409-B57F-12B150F7EEBB}
94,03,1839119.45923881,5642.91582936431,260,Bloomington W-03 P-22,20,Bloomington,0110,27,5,3,50,50A,5,5,,{AE999C72-8BE6-4D4C-BB43-4B7664BBCB8F}
95,03,3740795.88929273,10255.2324954539,260,Bloomington W-03 P-23,20,Bloomington,0115,27,5,3,51,51B,5,5,,{1C9849F5-1B1E-4D56-8D06-431A5065004B}
96,03,2566100.81817114,9388.37160217899,260,Bloomington W-03 P-17,20,Bloomington,0085,27,5,3,50,50B,5,5,,{86A72F99-638D-446D-B8DC-4DA74A7614C6}
97,03,4508873.97615908,10663.2617432945,260,Bloomington W-03 P-19,20,Bloomington,0095,27,5,3,50,50B,5,5,,{0EE1648A-797F-441D-86BB-82EC910FD5EF}
98,03,2927038.93340466,7590.75869251188,260,Bloomington W-03 P-18,20,Bloomington,0090,27,5,3,50,50A,5,5,,{F6702DBB-0293-4CCA-9237-DA26BECD6517}
99,03,2199763.10828793,6594.56557302901,260,Bloomington W-03 P-21,20,Bloomington,0105,27,5,3,50,50B,5,5,,{7E871205-FD2B-49EE-B3D9-2473F34896DF}
100,03,4778138.295465,10884.0515509087,260,Bloomington W-03 P-20,20,Bloomington,0100,27,5,3,50,50B,5,5,,{234AE993-294B-4B55-831B-E5803E36C872}
101,03,4220478.94103758,9851.54538795211,260,Bloomington W-03 P-16,20,Bloomington,0080,27,5,3,50,50B,5,5,,{B41B34E7-AE73-4DCE-8817-21A8BBFD703E}
102,03,1785114.04535509,6265.22132983479,260,Bloomington W-03 P-24,20,Bloomington,0120,27,5,3,51,51B,5,5,,{F7FF2768-89AC-46DE-8F68-673772359C9A}
103,04,9753156.0178483,15046.5649398778,260,Bloomington W-04 P-31,20,Bloomington,0155,27,5,3,51,51B,5,5,,{AA167D39-671E-4607-941E-7D8234AF7C59}
104,04,2392209.29465876,6387.012028062,260,Bloomington W-04 P-29,20,Bloomington,0145,27,5,3,51,51B,5,5,,{4BA4386D-5942-46CF-9B36-A94330245FE0}
105,04,2066595.1588896,7515.13020928089,260,Bloomington W-04 P-30,20,Bloomington,0150,27,5,3,51,51B,5,5,,{D1577ABC-ADA5-4601-BA45-0F3D1B85EA25}
106,04,2475766.71825557,6304.5904508214,260,Bloomington W-04 P-28,20,Bloomington,0140,27,5,3,51,51B,5,5,,{B626B64E-E951-4FD8-9B75-F5CCFDCCEE1F}
107,04,1865186.46067079,5839.47229390128,260,Bloomington W-04 P-26,20,Bloomington,0130,27,5,3,51,51B,5,5,,{D5E0779F-B020-4658-AF8D-B07643CA51C3}
108,04,2325402.33052782,6829.49697240506,260,Bloomington W-04 P-27,20,Bloomington,0135,27,5,3,51,51B,5,5,,{8381D010-B165-4202-8985-B4C5AEF9EF48}
109,04,2098710.47683109,5931.49891939896,260,Bloomington W-04 P-25,20,Bloomington,0125,27,5,3,51,51B,5,5,,{1BE28B88-8ED0-4E19-8963-1A6D1CEC994E}
110,04,2671248.54302328,9097.61976711433,260,Bloomington W-01 P-04,20,Bloomington,0020,27,5,3,51,51B,5,5,,{551F84FA-6F78-46E0-A503-03BD179CB0F8}
111,,2158419.38668783,6551.26352087098,260,Edina P-04,24,Edina,0865,27,60,3,46,46B,6,4,,{3B144917-8F40-4229-9E17-B80572672F4D}
112,,2910610.34245931,8050.59714413629,260,Edina P-01,24,Edina,0850,27,60,3,46,46B,6,4,,{A28E3BD8-948F-4E15-9BB6-E6ED5C7A60BD}
113,,5274016.05190168,13164.0628084183,260,Edina P-12,24,Edina,0905,27,60,3,50,50A,6,4,,{A732A96D-569E-4A17-B553-129164AD877E}
114,,4021485.52428875,9798.53385658988,260,Edina P-10,24,Edina,0895,27,60,3,50,50A,6,4,,{9074AE8B-D7F8-4BBC-B10A-E7706EC44D18}
115,,2359333.13825584,6311.95628358955,260,Edina P-11,24,Edina,0900,27,60,3,50,50A,6,4,,{EBA2F539-77A3-4BFB-8A27-14F0C0E0F40F}
116,,2301915.01622852,6514.61950575977,260,Edina P-13,24,Edina,0910,27,60,3,50,50A,6,4,,{DD62B32B-4AC6-4A74-B142-B52D0354755B}
117,,1074797.56117672,4450.28801378374,260,Edina P-14,24,Edina,0915,27,60,3,50,50A,6,4,,{B7D553AB-B76F-450D-8A2B-B352620C9813}
118,,2498484.64277904,6902.40301217162,260,Edina P-16,24,Edina,0925,27,60,3,50,50A,6,4,,{37D182A6-91A8-48F7-827A-BAB77B88F0F3}
119,,1391590.55654496,5479.29634450766,260,Edina P-15,24,Edina,0920,27,60,3,50,50A,6,4,,{38481ADB-8742-48D9-8864-6EC4930A9223}
120,,3966246.1339806,11989.0363731953,260,Edina P-03,24,Edina,0860,27,60,3,46,46B,6,4,,{CB218CA6-D778-45E1-B0F0-43C1AD31128E}
121,,2774089.38668886,9092.68582357749,260,Edina P-05,24,Edina,0870,27,60,3,46,46B,6,4,,{6C03209D-C70B-4EF4-885F-D85B0037F545}
122,,2232173.67575531,7737.04994234191,260,Edina P-02,24,Edina,0855,27,60,3,46,46B,6,4,,{E34AEC9A-14C6-48DE-A10A-64153F91E9A1}
123,,2209548.64142638,6717.9104925811,260,Edina P-08,24,Edina,0885,27,60,3,50,50A,6,4,,{093985C1-87E3-4F24-AFF0-E37B6ABD35B6}
124,,2828065.74467388,8440.9899583339,260,Edina P-07,24,Edina,0880,27,60,5,50,50A,6,4,,{22BAA2C6-C00E-4D0B-B9EA-33B0D9922A5A}
125,,1335633.59276151,5270.79128932033,260,Edina P-09,24,Edina,0890,27,60,5,50,50A,6,4,,{009DC743-4AE2-4CA7-B99E-0DC53FCC75D0}
126,,1971689.93259985,7321.22114922559,260,Edina P-06,24,Edina,0875,27,60,5,50,50A,6,4,,{99F1DE6D-69D7-403C-8D8C-DDA2C4810B27}
127,4,2766473.31059535,8205.14497715907,260,Minnetonka W-04 P-B,34,Minnetonka,2190,27,140,3,49,49A,6,4,,{23E1F099-ABA1-44E7-AE46-D62268AC11B0}
128,4,2757241.30238558,8281.68865745667,260,Minnetonka W-04 P-A,34,Minnetonka,2185,27,140,3,45,45B,6,4,,{85844872-7956-4582-A217-CEA52AFF3394}
129,4,3970033.96398271,10107.3222744968,260,Minnetonka W-04 P-C,34,Minnetonka,2195,27,140,3,49,49A,6,4,,{7B10E05F-A059-48FD-941C-27BE586430FD}
130,4,3012336.56431613,7546.32947573623,260,Minnetonka W-04 P-D,34,Minnetonka,2200,27,140,3,49,49A,6,4,,{E314AEB6-E791-4254-A6CF-9FC621A2B827}
131,3,3726806.22039502,8551.64100944672,260,Minnetonka W-03 P-E,34,Minnetonka,2170,27,140,3,45,45B,6,4,,{CD515B0B-8695-4C6F-8421-D674DB03229A}
132,3,3913989.21977744,9681.15973500382,260,Minnetonka W-03 P-D,34,Minnetonka,2160,27,140,3,45,45B,6,4,,{1F309777-915B-47B0-8F9E-8A459594E703}
133,4,2973500.26040067,9243.1433010012,260,Minnetonka W-04 P-E,34,Minnetonka,2210,27,140,3,49,49A,6,4,,{279B3F26-290A-465F-9542-070F854A4F4E}
134,1,5017120.45174012,10917.5582920248,260,Minnetonka W-01 P-A,34,Minnetonka,2090,27,140,3,49,49A,6,4,,{D0582BCE-D28F-436C-BC7A-06474AD71962}
135,3,7253202.95324894,15234.8216710061,260,Minnetonka W-03 P-C,34,Minnetonka,2155,27,140,3,45,45B,6,4,,{0D48C6D5-D132-45B9-B326-F265DBB8E510}
136,3,3923286.98169875,13173.0193716958,260,Minnetonka W-03 P-B,34,Minnetonka,2150,27,140,3,45,45B,6,4,,{CA618417-9E50-4019-97DB-1D052B1181FD}
137,1,3180121.52798739,8945.20897763376,260,Minnetonka W-01 P-B,34,Minnetonka,2095,27,140,3,49,49A,6,4,,{4223954C-38A5-4687-85AF-75639245C1F2}
138,1,4110725.36383575,9831.25271140844,260,Minnetonka W-01 P-D,34,Minnetonka,2105,27,140,3,49,49A,6,4,,{9B36234A-BACE-4C0D-890C-E8467E2E9743}
139,1,2888189.27939387,10047.1774744381,260,Minnetonka W-01 P-E,34,Minnetonka,2110,27,140,3,45,45B,6,4,,{26937D11-DF5E-4A0F-99BF-BF60C87E506C}
140,2,4371189.83134015,10659.6012501462,260,Minnetonka W-02 P-B,34,Minnetonka,2125,27,140,3,45,45B,6,4,,{C25FFFF4-31F4-44A1-AA71-73C3471C7446}
141,1,2191668.24208275,8434.91492527282,260,Minnetonka W-01 P-F,34,Minnetonka,2115,27,140,3,45,45B,6,4,,{33077684-D27D-4834-8C1F-6DB2803F63FD}
142,1,2667852.25698437,6837.4275570734,260,Minnetonka W-01 P-C,34,Minnetonka,2100,27,140,3,49,49A,6,4,,{02C6AA86-C2D8-4E16-ADFC-8319E36262F1}
143,2,1202274.32673999,5657.05462875716,260,Minnetonka W-02 P-D,34,Minnetonka,2135,27,140,3,45,45B,6,4,,{67CFED3E-229F-4AB7-9E7F-FC2824D1946C}
144,2,1547871.82853594,6716.28651293706,260,Minnetonka W-02 P-E,34,Minnetonka,2140,27,140,3,45,45B,6,4,,{9134729A-F084-482D-BD2E-77C8E056D183}
145,2,5119706.96866613,11406.9324578417,260,Minnetonka W-02 P-A,34,Minnetonka,2120,27,140,3,45,45B,6,4,,{799E8E9D-B6A0-430E-A55F-795BA57FB955}
146,3,2545845.61125781,7603.03140836779,260,Minnetonka W-03 P-A,34,Minnetonka,2145,27,140,3,45,45B,6,4,,{C43DDC78-C4FB-48E0-A259-ECD19CF97F24}
147,2,3211515.82622764,10380.230680802,260,Minnetonka W-02 P-C,34,Minnetonka,2130,27,140,3,45,45B,6,4,,{E3FF2D76-53B2-41B2-AA34-ECD26A58E8BB}
148,1,2378876.25221738,6195.05341303911,260,St. Louis Park W-01 P-01,46,St. Louis Park,2790,27,215,5,46,46A,3,3,,{11CA2776-16DF-4F68-8E66-6A6636E32717}
149,1,2044467.3578131,6323.37793848307,260,St. Louis Park W-01 P-02,46,St. Louis Park,2795,27,215,5,46,46A,3,3,,{EAA7B1D4-778D-46D9-BEF2-00BE44C0DCDA}
150,1,1672745.23046704,7350.90399513719,260,St. Louis Park W-01 P-03,46,St. Louis Park,2800,27,215,5,46,46A,3,3,,{E89E17B7-AE65-4C40-B70A-F5709D335628}
151,2,2274932.67929347,6395.81381654094,260,St. Louis Park W-02 P-04,46,St. Louis Park,2805,27,215,5,46,46A,3,3,,{27996146-175A-4216-9964-359789D15BEA}
152,2,2416975.30705603,7492.41225917864,260,St. Louis Park W-02 P-05,46,St. Louis Park,2810,27,215,5,46,46B,3,3,,{D5D9376F-861E-49ED-B50C-F9729983D6C8}
153,2,2996466.27070229,8881.69194514681,260,St. Louis Park W-02 P-06,46,St. Louis Park,2815,27,215,5,46,46B,3,3,,{DFD944CF-F2FD-46DC-8517-ED765358B559}
154,3,1930806.5569779,5756.51135813585,260,St. Louis Park W-03 P-07,46,St. Louis Park,2820,27,215,5,46,46A,3,3,,{87337811-B3C2-4DED-98CB-5823873F6858}
155,3,1733865.28657978,8025.90894855947,260,St. Louis Park W-03 P-08,46,St. Louis Park,2825,27,215,5,46,46A,3,3,,{C3F5BAC6-05F1-435D-9DD4-4776E2162BFE}
156,3,2077916.31424766,7702.31783280375,260,St. Louis Park W-03 P-09,46,St. Louis Park,2830,27,215,5,46,46A,3,3,,{90370501-0F27-4596-A2C9-4D2A10D3535D}
157,4,2495324.98809928,9258.54300191054,260,St. Louis Park W-04 P-10,46,St. Louis Park,2835,27,215,5,46,46A,3,3,,{00DCDA90-C403-4B75-9F97-86351590BC70}
158,4,2502571.63120042,10575.4371267517,260,St. Louis Park W-04 P-11,46,St. Louis Park,2840,27,215,5,46,46A,3,3,,{AA66558D-A94B-47F8-B5C7-E3629ABB3D6F}
159,4,3510396.6348168,10186.3411423611,260,St. Louis Park W-04 P-12,46,St. Louis Park,2845,27,215,5,46,46A,3,3,,{685A0898-AB22-4665-8147-C19EC3E69EB1}
160,,755741.638186275,8249.86519503631,260,Rockford P-01,90,Rockford,2695,27,195,6,29,57,7,1,,{AB5020A9-06A6-410B-8788-268A357B9952}
161,,28475355.1923703,25626.0808982978,260,Dayton P-03,56,Dayton,0650,27,45,3,34,34A,7,2,,{B57C7541-F936-4F01-BEF8-2B08EBA9BFF4}
162,,23526542.9916188,22085.1954782316,260,Dayton P-01,56,Dayton,0640,27,45,3,34,34A,7,2,,{22A30B1E-44E8-4922-B8A5-E3D8E80AF0C8}
163,,12917851.3438319,18237.7713265478,260,Dayton P-02,56,Dayton,0645,27,45,3,34,34A,7,2,,{875B0B17-8A81-4656-BA6B-EE03EF29F2B5}
164,,1891061.15125248,7030.52042289979,260,Osseo P-01,88,Osseo,2385,27,175,3,38,38A,1,2,,{183CD54B-4C67-4F0E-98F0-3E93455E7F1F}
165,,672315.36029282,3279.95525411933,260,Loretto P-01,74,Loretto,1170,27,110,3,37,37A,7,1,,{095D555B-C8CD-4044-8B33-93AC52F7D5B0}
166,,48902121.4739056,38898.2865640643,260,Medina P-01,80,Medina,1350,27,130,3,37,37A,7,1,,{EB924C00-076E-40E4-8BCB-C188EABE4907}
167,,21309992.8763692,22050.9463796822,260,Medina P-02,80,Medina,1355,27,130,3,37,37A,7,1,,{4420D655-EADC-418C-9310-D2A283485731}
168,,1569692.68240823,6602.74901616114,260,Spring Park P-01,17,Spring Park,2755,27,225,3,45,45A,6,1,,{CB8CD627-0F83-4815-9064-FB2B44545607}
169,,3974277.16745913,8143.12901777782,260,Minnetonka Beach P-01,82,Minnetonka Beach,2230,27,143,3,45,45A,6,1,,{CBFBECBB-F48C-4E6D-8EC8-548CE970935B}
170,,5451779.56864114,10604.7155270008,260,Tonka Bay P-01,97,Tonka Bay,2900,27,230,3,45,45A,6,4,,{7FC9610C-DC71-4C52-97FA-015BB62A86B3}
171,,2268071.69040931,7919.32514026227,260,Excelsior P-01,63,Excelsior,0965,27,65,3,45,45A,6,4,,{64A33C65-8AE8-448B-9EAC-8F145957A5A8}
172,,2672334.66133481,7444.42677031324,260,Greenwood P-01,19,Greenwood,1065,27,80,3,45,45A,6,4,,{A330EC12-4A54-4FB6-8BCB-F7EE6AC4B935}
173,,3013857.23002136,6638.77705907282,260,Woodland P-01,15,Woodland,2925,27,240,3,45,45B,6,4,,{CF298F95-3D08-418D-AEC5-ECE5CA1BF0BE}
174,,19941829.3355673,25389.3541985009,260,Fort Snelling P-01,41,Fort Snelling Unorg,0975,27,67,5,51,51A,4,5,,{CC2CCD6C-1B65-4CC8-BC39-32D2C8BE2E95}
175,,5469441.31856878,12737.8488999005,260,Hanover P-01,67,Hanover,1080,27,85,6,30,30A,7,1,,{AE998014-6C60-463E-9F1C-AFC4CECF00A4}
176,4,1889608.06234617,8467.78144617564,260,Robbinsdale W-04 P-01,44,Robbinsdale,2675,27,190,5,43,43B,1,3,,{3A46906E-D804-4A09-A32A-75924347A869}
177,3,1351663.78908749,7424.23371497821,260,Robbinsdale W-03 P-01,44,Robbinsdale,2665,27,190,5,43,43B,1,3,,{CE498676-0824-442B-AA44-0F5B5EB3412B}
178,1,2086723.1120289,8504.30831642501,260,Robbinsdale W-01 P-01,44,Robbinsdale,2645,27,190,5,43,43B,1,3,,{92505EA3-8612-4235-AF70-F7A120C10B93}
179,2,2403833.8042963,10393.6886755992,260,Robbinsdale W-02 P-01,44,Robbinsdale,2655,27,190,5,43,43B,1,3,,{BF233AB8-408D-429E-BF09-18B4F02AD741}
180,,10591083.9727109,20350.0951823379,260,Eden Prairie P-20,61,Eden Prairie,0785,27,60,3,49,49B,5,5,,{8CE91919-708C-4E5C-AF60-37E513088D95}
181,,10288542.7150721,22658.0436114825,260,Eden Prairie P-14,61,Eden Prairie,0755,27,60,3,49,49B,5,5,,{791F2A4B-EAF5-470B-8F23-CBCA2CFBBE77}
182,,2361224.19076959,8940.42630430654,260,Eden Prairie P-17,61,Eden Prairie,0770,27,60,3,49,49B,5,5,,{B1803D0E-BA20-45AB-9060-D91C51A24C7B}
183,,3754755.3377543,10422.233233956,260,Eden Prairie P-19,61,Eden Prairie,0780,27,60,3,49,49B,5,5,,{B47F1176-81C0-45F0-8C2E-0B83AFF44CFF}
184,,5123713.1808874,10221.6583969965,260,Eden Prairie P-18,61,Eden Prairie,0775,27,60,3,49,49B,5,5,,{D1B53895-2DED-4F35-A549-A97841E5B45A}
185,,3766178.35749203,8566.54512511094,260,Eden Prairie P-09,61,Eden Prairie,0730,27,60,3,49,49B,5,5,,{9937B244-3A82-4930-91DD-92E14BE6D722}
186,,1945683.79945067,6734.53821703605,260,Eden Prairie P-05,61,Eden Prairie,0710,27,60,3,49,49A,5,5,,{7DBDE05E-FFB7-4EB5-963D-F991B4C6C453}
187,,3061793.0398054,7224.48365698137,260,Eden Prairie P-01,61,Eden Prairie,0690,27,60,3,49,49A,6,5,,{94533500-E0C9-4314-9B7E-82A2D861C961}
188,,2729526.91721046,8516.57216465449,260,Eden Prairie P-06,61,Eden Prairie,0715,27,60,3,49,49A,5,5,,{26698E5E-FF40-4F75-9D9E-E61DB43D1088}
189,,5097778.57710969,9514.72895288055,260,Eden Prairie P-10,61,Eden Prairie,0735,27,60,3,49,49B,5,5,,{104B0EA5-CFE2-44CE-8838-148B6F51890B}
190,,3529983.95378772,9425.30493593563,260,Eden Prairie P-02,61,Eden Prairie,0695,27,60,3,49,49A,6,5,,{8B4A48A8-90A2-4174-8D97-2E8AE2474789}
191,,3845601.83262003,10052.5958369333,260,Eden Prairie P-03,61,Eden Prairie,0700,27,60,3,49,49A,6,5,,{3D476447-5C67-4DA0-A218-800DC10A2A73}
192,,3756893.3094824,11861.4212418898,260,Eden Prairie P-04,61,Eden Prairie,0705,27,60,3,49,49A,6,5,,{DCDB578F-DF09-42C1-AD8F-BD62436F0BD8}
193,,3649474.64501808,8601.59266972375,260,Eden Prairie P-13,61,Eden Prairie,0750,27,60,3,49,49B,5,5,,{48555E89-9051-4233-A2DD-42C7CEF9764A}
194,,2675418.40233921,7055.5753762078,260,Eden Prairie P-11,61,Eden Prairie,0740,27,60,3,49,49B,5,5,,{E3A92B67-23C9-44C7-B3AB-BE009DC520BE}
195,,2961287.73985479,8589.59134361965,260,Eden Prairie P-15,61,Eden Prairie,0760,27,60,3,49,49B,5,5,,{472A93FA-78FE-498F-BB7F-C3FE5C285B38}
196,,8345437.48003347,13470.0135528495,260,Eden Prairie P-07,61,Eden Prairie,0720,27,60,3,49,49A,6,5,,{AF726A5A-F8D0-4AD3-91C3-FEBB8676D0A0}
197,,3152422.15897369,11913.3610476444,260,Eden Prairie P-16,61,Eden Prairie,0765,27,60,3,49,49B,5,5,,{87667C29-B460-40CD-A09E-0AAF1C4BE77E}
198,,4200050.16440712,9365.34742293184,260,Eden Prairie P-12,61,Eden Prairie,0745,27,60,3,49,49B,5,5,,{49270C77-4827-4A41-8618-D552F2714A34}
199,,6297352.11387057,13816.1164195558,260,Eden Prairie P-08,61,Eden Prairie,0725,27,60,3,49,49B,6,5,,{B697822A-FA79-453F-9428-AB4294B8EC20}
200,1,2666134.69681869,7799.02567223631,260,Minneapolis W-01 P-01,1,Minneapolis,1360,27,135,5,60,60A,2,,1,{1E161795-4D59-4A36-8071-CC35DFF8D215}
201,1,2139115.32973756,7015.58957093759,260,Minneapolis W-01 P-10,1,Minneapolis,1405,27,135,5,60,60A,2,,1,{35A263D3-1668-4E7A-A3EA-E6A2BE16E758}
202,1,3807513.99980291,8377.01396100766,260,Minneapolis W-01 P-11,1,Minneapolis,1410,27,135,5,60,60A,4,,1,{387C733D-3984-4603-903A-1F7F5682F4AD}
203,1,1885436.66744146,6765.59978799438,260,Minneapolis W-01 P-02,1,Minneapolis,1365,27,135,5,60,60A,2,,1,{53781EAC-8996-4FB8-9260-C0EDC664EFBE}
204,1,762646.2469818,3642.48376800889,260,Minneapolis W-01 P-03,1,Minneapolis,1370,27,135,5,60,60A,2,,1,{2DFE01F0-DC9E-488E-8C22-7C125D854BCE}
205,1,2535990.11643346,7502.33031981311,260,Minneapolis W-01 P-04,1,Minneapolis,1375,27,135,5,60,60A,2,,1,{62B1420D-410A-40FC-9827-30DB93F172EA}
206,1,1412985.64227832,4967.93119950194,260,Minneapolis W-01 P-05,1,Minneapolis,1380,27,135,5,60,60A,2,,1,{CFFF6A11-EC02-48BE-90F6-2CC9FC7F1629}
207,1,1292964.07395454,4849.43403277653,260,Minneapolis W-01 P-06,1,Minneapolis,1385,27,135,5,60,60A,2,,1,{DC166B78-5347-4EEB-985A-45758B3E7099}
208,1,1297779.45342686,4837.76160710471,260,Minneapolis W-01 P-07,1,Minneapolis,1390,27,135,5,60,60A,2,,1,{60933B2B-381B-46FC-87D3-959E59BCCCAE}
209,1,794014.712324305,3609.38256054369,260,Minneapolis W-01 P-08,1,Minneapolis,1395,27,135,5,60,60A,2,,1,{388344C2-4241-4D34-B681-520CEB1F8FBF}
210,1,1281773.40551672,4774.00973004825,260,Minneapolis W-01 P-09,1,Minneapolis,1400,27,135,5,60,60A,2,,1,{D7F96EDD-FC5D-4183-9C28-41777759BEA4}
211,10,747000.454553395,4586.07797573064,260,Minneapolis W-10 P-01,1,Minneapolis,1815,27,135,5,61,61A,3,,4,{1AB6A7AD-25F3-4665-AB1F-445BBAE0F411}
212,10,320380.45312375,2404.06316285581,260,Minneapolis W-10 P-02,1,Minneapolis,1820,27,135,5,61,61B,3,,4,{C0FC236F-A6A0-41D5-9091-D154A1551649}
213,10,679319.4449232,4857.12532861669,260,Minneapolis W-10 P-03,1,Minneapolis,1825,27,135,5,61,61B,3,,6,{7BDD57D8-008B-4036-85B3-31715C7045D8}
214,10,485840.39649286,2817.67801348269,260,Minneapolis W-10 P-04,1,Minneapolis,1830,27,135,5,61,61B,3,,6,{0509140E-4337-4223-831B-DC64C219D672}
215,10,465078.286065555,2763.283779065,260,Minneapolis W-10 P-05,1,Minneapolis,1835,27,135,5,61,61B,3,,6,{D77DCE4D-7712-44DB-81A3-ED24823DBEC4}
216,10,457449.08009152,3984.90061487636,260,Minneapolis W-10 P-06,1,Minneapolis,1840,27,135,5,62,62A,3,,4,{8EDCBF79-E777-413C-9E1C-42C82E624EBB}
217,10,400821.68375053,2602.39059233075,260,Minneapolis W-10 P-07,1,Minneapolis,1845,27,135,5,62,62A,3,,3,{BCFBE2D3-904D-432F-B615-6FB746E4CCA0}
218,10,441389.010205985,2999.15911250709,260,Minneapolis W-10 P-08,1,Minneapolis,1850,27,135,5,62,62A,3,,3,{B6A825B4-43A1-45BE-A9F4-945E2C4259EF}
219,10,804552.555971965,4192.56669884414,260,Minneapolis W-10 P-09,1,Minneapolis,1855,27,135,5,62,62A,3,,3,{87B49115-A348-40FA-99B4-97F0C14310DD}
220,11,830431.659131325,3768.99003920136,260,Minneapolis W-11 P-01,1,Minneapolis,1860,27,135,5,63,63B,3,,6,{6B924414-8A02-4770-A45E-13CCF1010591}
221,11,2162943.01314948,7082.56372541468,260,Minneapolis W-11 P-10,1,Minneapolis,1905,27,135,5,63,63B,4,,5,{BBFCF1F5-F41D-478F-9F10-3C926DA5C65B}
222,11,555017.388289615,3734.27786173859,260,Minneapolis W-11 P-11,1,Minneapolis,1910,27,135,5,63,63B,4,,5,{3A17156C-AF02-4AEE-B9B3-2086BF61BEBD}
223,11,1349799.72396213,11073.955688867,260,Minneapolis W-11 P-12,1,Minneapolis,1915,27,135,5,51,51A,4,,5,{5292BD61-AAAD-4BDC-B3AF-588F6F3FEFA3}
224,11,1300208.82087421,4636.5143032329,260,Minneapolis W-11 P-02,1,Minneapolis,1865,27,135,5,63,63B,3,,6,{F21C8D35-8A00-4E2E-9EB3-B33D3368C1E1}
225,11,1638199.98777523,5727.17786169659,260,Minneapolis W-11 P-03,1,Minneapolis,1870,27,135,5,63,63B,3,,6,{9D23664D-D448-4286-8647-3F5E10697389}
226,11,958703.08430222,4065.85587010305,260,Minneapolis W-11 P-04,1,Minneapolis,1875,27,135,5,63,63B,3,,5,{EC1A2A4F-DDE0-429E-BD60-00BD86C486C5}
227,11,1385316.60155397,5236.41754695487,260,Minneapolis W-11 P-05,1,Minneapolis,1880,27,135,5,63,63B,3,,5,{AC33B59B-3AB7-41AA-980C-B59781FF9B00}
228,11,969432.970636415,4022.42894491289,260,Minneapolis W-11 P-06,1,Minneapolis,1885,27,135,5,62,62B,4,,5,{697FB853-7678-4BB9-82D3-F1F045BCC6C4}
229,11,738069.37110876,5702.52818664307,260,Minneapolis W-11 P-07,1,Minneapolis,1890,27,135,5,63,63B,4,,5,{F03EDEF9-47A3-4840-99E7-900DA722EB25}
230,11,1417133.82081761,5197.14203229576,260,Minneapolis W-11 P-08,1,Minneapolis,1895,27,135,5,63,63B,4,,5,{F33DF97C-60E7-4D58-ACF9-ACD6B3F3EF5F}
231,11,845784.27398068,5209.24624067895,260,Minneapolis W-11 P-09,1,Minneapolis,1900,27,135,5,63,63B,4,,5,{06C2B30A-23C8-469D-B962-4173CD23D46A}
232,12,1752112.06244211,5631.91086657542,260,Minneapolis W-12 P-01,1,Minneapolis,1920,27,135,5,63,63A,4,,5,{9530BD21-4F2F-4F07-9E57-84A2D1D2645E}
233,12,1881055.11609273,8128.31776654581,260,Minneapolis W-12 P-10,1,Minneapolis,1965,27,135,5,63,63B,4,,5,{3C2CEE3D-2843-4E0E-BC51-E6C5E1A99E13}
234,12,1184579.44060953,5303.90962345647,260,Minneapolis W-12 P-11,1,Minneapolis,1970,27,135,5,63,63B,4,,5,{2A8C63F0-C6BB-4F24-A1B5-56C60D760ADD}
235,12,908429.78622646,5401.10544235879,260,Minneapolis W-12 P-12,1,Minneapolis,1975,27,135,5,51,51A,4,,5,{1EAE9BFE-42C2-4F67-AC07-7BE23F0DB939}
236,12,1252117.96537447,6476.67928758167,260,Minneapolis W-12 P-02,1,Minneapolis,1925,27,135,5,63,63A,4,,5,{8679A884-8CD8-46F0-ABCE-95A162B91DDE}
237,12,720715.242251245,4006.63029074205,260,Minneapolis W-12 P-03,1,Minneapolis,1930,27,135,5,63,63A,4,,5,{135CD6DA-DBF8-492B-8488-25604A8FE593}
238,12,963656.350388515,4410.52154911149,260,Minneapolis W-12 P-04,1,Minneapolis,1935,27,135,5,63,63A,4,,5,{544CA3AB-5803-402F-B448-B85067D88313}
239,12,823142.494450325,4854.52526413978,260,Minneapolis W-12 P-05,1,Minneapolis,1940,27,135,5,63,63A,4,,5,{8ACE1F6D-0D1D-43DD-B239-2106C3A30F02}
240,12,1234282.30839642,5702.92784088882,260,Minneapolis W-12 P-06,1,Minneapolis,1945,27,135,5,63,63A,4,,5,{2EC9DDE8-5052-45D0-8FF2-0593D9A55BA7}
241,12,1351193.37254914,5135.8638379486,260,Minneapolis W-12 P-07,1,Minneapolis,1950,27,135,5,63,63A,4,,5,{3E305443-0197-415B-B83B-F03536C458D4}
242,12,2000775.82331521,7026.2767801117,260,Minneapolis W-12 P-08,1,Minneapolis,1955,27,135,5,63,63B,4,,5,{DB0EC78C-3CB9-435D-AC25-D48EA64AE317}
243,12,897021.898005725,4880.94778867846,260,Minneapolis W-12 P-09,1,Minneapolis,1960,27,135,5,63,63A,4,,5,{B694493B-C29C-4CA4-BB60-1668588D9DA7}
244,13,1084532.55232759,4967.60171258132,260,Minneapolis W-13 P-01,1,Minneapolis,1980,27,135,5,61,61B,3,,6,{BE9D2719-6868-47E0-92D9-A1129D74332A}
245,13,1201163.13591092,5438.0577834138,260,Minneapolis W-13 P-10,1,Minneapolis,2025,27,135,5,61,61B,3,,6,{BCDAF16F-9700-4A5A-BD8C-BCB47C40DE2A}
246,13,1292405.50558195,4919.30158341235,260,Minneapolis W-13 P-11,1,Minneapolis,2030,27,135,5,61,61B,3,,6,{AD46CF17-C0F9-4BCC-9E61-96767C33806C}
247,13,2131793.57710045,6932.86917853182,260,Minneapolis W-13 P-12,1,Minneapolis,2035,27,135,5,61,61B,3,,6,{7CE22DA9-C282-4F28-8AB6-6CD4DA25D1C6}
248,13,1697320.42071818,5497.17925872099,260,Minneapolis W-13 P-13,1,Minneapolis,2040,27,135,5,61,61B,3,,6,{6137E46D-6FF1-43C8-B8FB-BCB9889EE4F5}
249,13,836221.67796073,3930.40234826033,260,Minneapolis W-13 P-02,1,Minneapolis,1985,27,135,5,61,61B,3,,6,{AFD6C52E-6BCE-4DA6-8FA5-EBD85DED7C06}
250,13,591520.51287517,3805.76596116325,260,Minneapolis W-13 P-03,1,Minneapolis,1990,27,135,5,61,61B,3,,6,{567F42A3-B2C0-43A0-9307-54E29F8AF691}
251,13,820693.689446215,4280.17956631827,260,Minneapolis W-13 P-04,1,Minneapolis,1995,27,135,5,61,61B,3,,6,{BE0BDCDB-6CD3-4CB7-AF2E-C5B53BD41F81}
252,13,807406.613504025,5214.26583854925,260,Minneapolis W-13 P-05,1,Minneapolis,2000,27,135,5,61,61B,3,,6,{D04F2E9A-B34B-4C1C-9230-B9706F11A5C3}
253,13,495119.30278789,3008.98945480318,260,Minneapolis W-13 P-06,1,Minneapolis,2005,27,135,5,61,61B,3,,6,{DC510D0A-9C49-421F-8928-4776C98FC2BC}
254,13,1367286.3250173,5214.02451812424,260,Minneapolis W-13 P-07,1,Minneapolis,2010,27,135,5,61,61B,5,,6,{2DB7E69C-231C-4AF9-B380-1D762B9B7C34}
255,13,1374014.3067582,6031.43270990492,260,Minneapolis W-13 P-08,1,Minneapolis,2015,27,135,5,63,63B,5,,6,{09720C06-81B4-4413-AAEF-D1156E900898}
256,13,966647.044261695,4022.56150038077,260,Minneapolis W-13 P-09,1,Minneapolis,2020,27,135,5,63,63B,3,,6,{A78E3BB6-6465-414A-9038-B2E9934ABE99}
257,2,371937.22272373,3515.29653295105,260,Minneapolis W-02 P-01,1,Minneapolis,1415,27,135,5,60,60B,4,,1,{6A110A19-8961-4D4A-ADD9-E44AABEA8EB8}
258,2,255893.23016674,2157.21371526478,260,Minneapolis W-02 P-02,1,Minneapolis,1420,27,135,5,60,60B,4,,1,{CD67C959-9C47-49AC-B9C0-FA85D3C39438}
259,2,1753744.57211982,6286.13308049287,260,Minneapolis W-02 P-03,1,Minneapolis,1425,27,135,5,60,60B,4,,1,{91037881-E5E9-4D37-86EB-08A88006CA9D}
260,2,1330000.9474282,6515.69272561442,260,Minneapolis W-02 P-04,1,Minneapolis,1430,27,135,5,60,60B,4,,1,{D407F8B7-6B44-41AD-85E4-7C4A67C63273}
261,2,2004839.19057998,7422.02186028294,260,Minneapolis W-02 P-05,1,Minneapolis,1435,27,135,5,60,60B,4,,1,{0AD01632-8C1B-40B5-BF8F-CAC5D1DB6EBD}
262,2,590017.327595775,3146.63812694372,260,Minneapolis W-02 P-06,1,Minneapolis,1440,27,135,5,60,60B,4,,1,{5B4CB34A-7F41-4E04-868C-3DFA53A8DB6A}
263,2,1200941.23519407,5600.16505558859,260,Minneapolis W-02 P-07,1,Minneapolis,1445,27,135,5,60,60B,4,,3,{7C4F0AD8-3AD2-4185-827A-494BFC31B90F}
264,2,1789215.9378628,7970.22864463522,260,Minneapolis W-02 P-08,1,Minneapolis,1450,27,135,5,63,63A,4,,3,{4917E0F5-A21D-455C-8C51-5AA0B2A1748E}
265,2,801080.019551435,4495.72971956896,260,Minneapolis W-02 P-09,1,Minneapolis,1455,27,135,5,63,63A,4,,1,{85B45F16-EB67-458B-B9B8-68A08A3B35C7}
266,3,1025376.62222196,4391.45888911193,260,Minneapolis W-03 P-01,1,Minneapolis,1460,27,135,5,60,60A,2,,1,{01DDDA16-47C3-41E2-8E3A-08E89FE8B2BE}
267,3,627534.44760873,4431.22711083083,260,Minneapolis W-03 P-10,1,Minneapolis,1505,27,135,5,59,59B,3,,4,{C5B76B34-CF0E-4A80-A624-737C382CBBA4}
268,3,569793.357394855,3895.12065471697,260,Minneapolis W-03 P-11,1,Minneapolis,1510,27,135,5,59,59B,3,,4,{8F2E45F6-A1C6-4C1A-8862-906E8552EEDB}
269,3,595646.99562524,3870.92516601887,260,Minneapolis W-03 P-12,1,Minneapolis,1515,27,135,5,59,59B,3,,4,{2B6F5581-B362-4EA4-8D46-1A1B7E8B2448}
270,3,1273123.90452274,5108.79296105491,260,Minneapolis W-03 P-02,1,Minneapolis,1465,27,135,5,60,60A,2,,1,{4B3C03BD-EDE0-4130-907A-1F677A0DF1A3}
271,3,362913.029773655,2454.01799954568,260,Minneapolis W-03 P-03,1,Minneapolis,1470,27,135,5,60,60A,2,,1,{91351658-F6C6-4A27-AE66-65344A9CB7ED}
272,3,831657.27021054,5202.29313943468,260,Minneapolis W-03 P-04,1,Minneapolis,1475,27,135,5,60,60A,4,,1,{D276F9D2-6112-414D-806C-34EB2D92F5BE}
273,3,339466.282254195,2521.834806186,260,Minneapolis W-03 P-05,1,Minneapolis,1480,27,135,5,59,59B,2,,2,{FA29E72C-E6D4-4E89-BB84-F2A1E60771BA}
274,3,417983.727255605,2902.87111681153,260,Minneapolis W-03 P-06,1,Minneapolis,1485,27,135,5,59,59B,2,,4,{05F3F4C2-7260-4EFE-82F2-35A694DABBEE}
275,3,1151748.11220867,5582.29764619971,260,Minneapolis W-03 P-07,1,Minneapolis,1490,27,135,5,59,59B,4,,4,{DB956F1E-D9D0-4697-8C01-6C35772DDE7F}
276,3,357270.364017645,2694.06812097581,260,Minneapolis W-03 P-08,1,Minneapolis,1495,27,135,5,60,60B,4,,4,{163811A0-E75B-4763-824E-1BDC4956BB2E}
277,3,709975.75310189,4645.28522080099,260,Minneapolis W-03 P-09,1,Minneapolis,1500,27,135,5,60,60B,4,,4,{C7FA5E29-1102-4B99-A2B4-392DEE783F47}
278,4,1284183.33525168,4816.37414914518,260,Minneapolis W-04 P-01,1,Minneapolis,1520,27,135,5,59,59A,2,,2,{3C1D82A6-5832-46C7-8F1F-5FDE46E4257F}
279,4,2617082.87753712,6791.03071918929,260,Minneapolis W-04 P-02,1,Minneapolis,1525,27,135,5,59,59A,2,,2,{F7934B46-9923-4627-8E01-F0D2E391A454}
280,4,1735351.90898356,7130.27436015639,260,Minneapolis W-04 P-03,1,Minneapolis,1530,27,135,5,59,59A,2,,2,{56B9DED1-E092-4452-80F0-24ABB7E4E965}
281,4,2197970.00718013,7208.79994367225,260,Minneapolis W-04 P-04,1,Minneapolis,1535,27,135,5,59,59A,2,,2,{80D1B842-F6D2-45FF-A345-FDB1168273C5}
282,4,1597289.26496445,5799.66882145956,260,Minneapolis W-04 P-05,1,Minneapolis,1540,27,135,5,59,59A,2,,2,{880207D0-BB96-47A9-9613-D11A867C7452}
283,4,1005647.898428,4453.06837097667,260,Minneapolis W-04 P-06,1,Minneapolis,1545,27,135,5,59,59A,2,,2,{7FE318D7-5712-468C-8260-BDB2D070171D}
284,4,1442466.44393506,4805.67522157737,260,Minneapolis W-04 P-07,1,Minneapolis,1550,27,135,5,59,59A,2,,2,{C19103E2-7D55-4077-A13E-DEDCD2B35314}
285,4,1557269.53950399,5043.40473528866,260,Minneapolis W-04 P-08,1,Minneapolis,1555,27,135,5,59,59A,2,,2,{C8563D5C-0DA4-4784-916E-D347DEC5E431}
286,4,202615.440106255,2223.57380906834,260,Minneapolis W-04 P-09,1,Minneapolis,1560,27,135,5,59,59B,2,,2,{F02D0DBC-DC17-40DB-B135-4537FB4C65DF}
287,5,958108.346062725,4005.94861043293,260,Minneapolis W-05 P-01,1,Minneapolis,1565,27,135,5,59,59A,2,,2,{EDEF90A7-3EB3-44B3-AC74-FF430987D84D}
288,5,1522396.82883134,5448.76581096412,260,Minneapolis W-05 P-02,1,Minneapolis,1570,27,135,5,59,59B,2,,2,{8238AB20-B13D-43F1-BB7D-1A03526DBAF3}
289,5,2386097.1836581,6137.02074354283,260,Minneapolis W-05 P-03,1,Minneapolis,1575,27,135,5,59,59A,2,,2,{770D9C63-42A2-408D-9648-CC409E5F92C5}
290,5,1105154.45888271,4624.74132405249,260,Minneapolis W-05 P-04,1,Minneapolis,1580,27,135,5,59,59B,2,,2,{5811A0B3-B74E-495F-B52C-76047814F368}
291,5,1634281.66478774,5976.38819901611,260,Minneapolis W-05 P-05,1,Minneapolis,1585,27,135,5,59,59B,2,,2,{BA6FC5EF-352A-487D-BC3F-7EC3BBDCB417}
292,5,1052191.62795686,4360.79586536088,260,Minneapolis W-05 P-06,1,Minneapolis,1590,27,135,5,59,59B,2,,2,{09995BDB-3A32-4CCA-9E26-877E11BBBD3A}
293,5,1389660.44426871,5445.35856564065,260,Minneapolis W-05 P-07,1,Minneapolis,1595,27,135,5,59,59B,2,,2,{32542E0F-0AE0-45EF-A111-782F91442532}
294,5,1465116.75636853,7584.11602418761,260,Minneapolis W-05 P-08,1,Minneapolis,1600,27,135,5,59,59B,2,,2,{24A0AA6F-C7A4-4D36-BA8D-7F12F4F5EEC5}
295,5,972977.932235115,6095.75038658302,260,Minneapolis W-05 P-09,1,Minneapolis,1605,27,135,5,61,61A,2,,2,{60710113-3BD5-4A3F-BFF6-398BF8CD7F24}
296,6,407869.94527313,3622.72521179539,260,Minneapolis W-06 P-01,1,Minneapolis,1610,27,135,5,61,61A,4,,4,{D15EF2B1-0A77-4E95-B640-BE3C7CA2336D}
297,6,564218.97817875,3590.17340819532,260,Minneapolis W-06 P-02,1,Minneapolis,1615,27,135,5,61,61A,4,,4,{9123BFED-A1FA-4D95-9D16-387452239996}
298,6,610626.97713794,4091.28644292776,260,Minneapolis W-06 P-03,1,Minneapolis,1620,27,135,5,60,60B,4,,3,{5BE30F19-1EFB-4638-83B7-7D5AC2D18F74}
299,6,289853.25044016,2194.53615413324,260,Minneapolis W-06 P-04,1,Minneapolis,1625,27,135,5,62,62A,3,,4,{55830BF7-88B1-4CD5-9D2F-8F8FFDF07DDD}
300,6,619956.088831185,3374.84537033675,260,Minneapolis W-06 P-05,1,Minneapolis,1630,27,135,5,62,62A,4,,3,{E3B68990-287D-4C06-8805-FC617173EEE5}
301,6,649880.99985205,3227.21238725781,260,Minneapolis W-06 P-06,1,Minneapolis,1635,27,135,5,62,62A,4,,3,{5AB950A7-4452-4793-8580-72A75E73FFC8}
302,6,740171.447993955,3871.85119023892,260,Minneapolis W-06 P-07,1,Minneapolis,1640,27,135,5,62,62B,4,,3,{482B7C3C-C035-43A0-873B-82010077FB30}
303,6,488896.860148965,3565.22598025944,260,Minneapolis W-06 P-08,1,Minneapolis,1645,27,135,5,63,63A,4,,3,{8FB1E7E4-BCA7-4BAE-BF5F-A30228B2E921}
304,6,487175.20515509,4263.6893060602,260,Minneapolis W-06 P-09,1,Minneapolis,1650,27,135,5,63,63A,4,,3,{0AB5C184-B9C2-4F48-A09A-9DEF292A01BA}
305,7,1570038.9618746,7895.14111634678,260,Minneapolis W-07 P-01,1,Minneapolis,1655,27,135,5,61,61A,3,,4,{F8FC09CC-17C0-4120-86C0-C249495F3162}
306,7,226900.89158997,2399.47856386171,260,Minneapolis W-07 P-10,1,Minneapolis,1700,27,135,5,62,62A,3,,4,{C73D3BD1-025F-4052-A19F-E77692BDA57E}
307,7,224165.725712505,3049.17168649802,260,Minneapolis W-07 P-11,1,Minneapolis,1705,27,135,5,59,59B,3,,4,{7D7EDECD-1569-4E5E-9646-72477D91050F}
308,7,3001433.69448085,8247.55350890717,260,Minneapolis W-07 P-12,1,Minneapolis,1710,27,135,5,61,61B,3,,6,{DF6D6A81-F77A-42DE-9A84-29602694A2D9}
309,7,2864237.3022082,9780.33747660724,260,Minneapolis W-07 P-02,1,Minneapolis,1660,27,135,5,61,61A,3,,4,{55575FAE-7065-49BF-B15A-2D2D3966710C}
310,7,1251781.64070206,5705.66116818306,260,Minneapolis W-07 P-03,1,Minneapolis,1665,27,135,5,61,61A,3,,4,{FE4F6D8F-4E05-4C60-A685-39F16A91B05E}
311,7,1237941.43873334,9443.10732681136,260,Minneapolis W-07 P-04,1,Minneapolis,1670,27,135,5,61,61A,3,,6,{9AF24D1D-BE47-4B9C-8C6E-D3292F7D80A9}
312,7,273472.78840943,2532.14083024802,260,Minneapolis W-07 P-05,1,Minneapolis,1675,27,135,5,61,61A,3,,4,{5C209BF9-3B97-48CD-9D6C-208A6914A64F}
313,7,1155962.00060865,4444.45528257007,260,Minneapolis W-07 P-06,1,Minneapolis,1680,27,135,5,61,61A,3,,4,{269350F0-AE51-46E1-8DB7-3DBE8E1DD023}
314,7,1539465.03070255,8969.24063882824,260,Minneapolis W-07 P-07,1,Minneapolis,1685,27,135,5,61,61A,3,,4,{AF1C8BE7-67F7-48FE-B26B-F0140081ED55}
315,7,918406.29834586,4813.36491802612,260,Minneapolis W-07 P-08,1,Minneapolis,1690,27,135,5,61,61A,3,,4,{3139217C-4AC6-4964-A145-F82465A7D8F2}
316,7,666124.845180165,4164.46554199253,260,Minneapolis W-07 P-09,1,Minneapolis,1695,27,135,5,61,61A,3,,4,{EC03A153-3859-46FD-A756-F8300129E8D2}
317,8,421055.417275365,2933.26616507546,260,Minneapolis W-08 P-01,1,Minneapolis,1715,27,135,5,62,62A,3,,6,{6B0F3865-8CC0-4775-9A98-83AA1FFED04F}
318,8,540418.983911655,3603.58737582916,260,Minneapolis W-08 P-10,1,Minneapolis,1760,27,135,5,62,62B,4,,5,{9BFCF180-15EF-4553-9C09-A044305E3A9C}
319,8,654480.20803158,3592.59529047973,260,Minneapolis W-08 P-11,1,Minneapolis,1765,27,135,5,62,62B,4,,5,{AFACEB25-3FED-4AB7-B393-CA92E008F277}
320,8,842845.472170345,3751.55072716168,260,Minneapolis W-08 P-02,1,Minneapolis,1720,27,135,5,62,62A,3,,6,{75383EDC-BB17-4068-8BEF-67B4E8EA68B4}
321,8,851040.26994839,3724.71291940191,260,Minneapolis W-08 P-03,1,Minneapolis,1725,27,135,5,62,62A,3,,6,{FAEA127C-5B28-4B1A-B215-FAC59D363B81}
322,8,1310042.36511385,4583.40940901569,260,Minneapolis W-08 P-04,1,Minneapolis,1730,27,135,5,62,62B,3,,6,{824A8179-083B-4878-AE60-B522D9DA7879}
323,8,641286.040813925,3443.25154688598,260,Minneapolis W-08 P-05,1,Minneapolis,1735,27,135,5,62,62A,4,,3,{2EACF0CE-A786-4181-A5FF-C355D3B3DA0A}
324,8,390694.695530735,2751.46664344604,260,Minneapolis W-08 P-06,1,Minneapolis,1740,27,135,5,62,62B,4,,3,{E19E8F4A-D98F-4805-8D0A-A2EFBCB7C6B2}
325,8,963147.66626852,3951.92208053235,260,Minneapolis W-08 P-07,1,Minneapolis,1745,27,135,5,62,62B,4,,5,{80AF42AF-8EB4-422D-96F9-F9C9D137E7CB}
326,8,882038.34502488,3977.8950915885,260,Minneapolis W-08 P-08,1,Minneapolis,1750,27,135,5,62,62B,4,,5,{9493F24F-651E-4BE1-A987-2DB23C315DB9}
327,8,468765.49296192,3263.62711121465,260,Minneapolis W-08 P-09,1,Minneapolis,1755,27,135,5,63,63B,4,,5,{DB8BEEB4-EBFD-4F3E-996C-A814E3D9A0AF}
328,9,230357.86432416,1952.57698337246,260,Minneapolis W-09 P-01,1,Minneapolis,1770,27,135,5,62,62A,4,,3,{299B3437-A046-475B-9E02-E1E6D89A358E}
329,9,1233958.03193122,5155.03750002536,260,Minneapolis W-09 P-02,1,Minneapolis,1775,27,135,5,62,62B,4,,3,{A9D2751F-8C44-46C0-B8B7-F02EF2D9E041}
330,9,959060.874012275,4000.88400901164,260,Minneapolis W-09 P-03,1,Minneapolis,1780,27,135,5,62,62B,4,,3,{7747D6EC-FC0A-4A61-B2DD-82D3F990FACC}
331,9,1015601.74482293,4454.07356316848,260,Minneapolis W-09 P-04,1,Minneapolis,1785,27,135,5,62,62B,4,,3,{F0076DFA-8187-4D72-AC6D-EC52F32056D9}
332,9,421720.390256925,3612.62137017041,260,Minneapolis W-09 P-05,1,Minneapolis,1790,27,135,5,62,62B,4,,3,{D71CA87B-5ACC-4FA6-9DD9-2B5E3B1C5D4A}
333,9,1192598.67288541,4521.25353211816,260,Minneapolis W-09 P-06,1,Minneapolis,1795,27,135,5,63,63A,4,,3,{C5DD51CE-086A-4EE0-AD60-3B845AC6F10E}
334,9,480094.421981945,3194.83952818839,260,Minneapolis W-09 P-07,1,Minneapolis,1800,27,135,5,62,62B,4,,3,{E9607793-5397-41AD-B84C-F36B012D6C52}
335,9,1373572.81734377,6154.76894833274,260,Minneapolis W-09 P-08,1,Minneapolis,1805,27,135,5,63,63A,4,,5,{7D72A37A-C0DC-4733-A476-27BF8344D0AC}
336,9,1056781.26771031,5911.92063037297,260,Minneapolis W-09 P-09,1,Minneapolis,1810,27,135,5,63,63A,4,,5,{0575A2BA-BCA6-471F-9A0E-01BFD03A594B}
337,3,4279743.94367366,13915.8346478224,260,Plymouth W-03 P-11,40,Plymouth,2450,27,180,3,42,42B,2,1,,{F277AC61-2628-49DD-9BA6-78CC0677D486}
338,2,3938033.25043945,9961.82013182406,260,Plymouth W-02 P-06,40,Plymouth,2425,27,180,3,42,42A,7,1,,{04E341A3-70A3-422F-BEE0-BFF1C56F84DF}
339,2,5173062.59552196,10728.5811096912,260,Plymouth W-02 P-10,40,Plymouth,2445,27,180,3,42,42A,2,1,,{5BC61559-2C85-4D0E-9648-D6D3293A8AB1}
340,3,1971235.11346459,5666.21483342744,260,Plymouth W-03 P-12,40,Plymouth,2455,27,180,3,42,42B,2,1,,{A83116EC-457B-4C79-83C3-B94DFF2B7C40}
341,3,5096097.23513684,14618.1250221992,260,Plymouth W-03 P-13,40,Plymouth,2460,27,180,3,42,42B,2,1,,{01B5FED4-4684-4CB2-A336-C612D2597C5C}
342,4,3290623.51836503,9394.03657892004,260,Plymouth W-04 P-21,40,Plymouth,2500,27,180,3,42,42B,2,1,,{3DA53024-FA30-4175-9173-120006F9BB6E}
343,4,4754285.30808374,11319.4721315722,260,Plymouth W-04 P-20,40,Plymouth,2495,27,180,3,42,42B,2,1,,{65D17FBE-D121-4A82-8022-B6FBEE2FA7F5}
344,4,3880804.4633067,9971.14674722805,260,Plymouth W-04 P-17,40,Plymouth,2480,27,180,3,42,42B,7,1,,{6515C990-A980-4E97-A677-6D2E44153BD3}
345,4,6513622.42522215,11332.6608999286,260,Plymouth W-04 P-19,40,Plymouth,2490,27,180,3,42,42B,7,1,,{BC78E7C4-8044-42C1-A945-203422940637}
346,1,4082662.83652592,10511.4239305227,260,Plymouth W-01 P-02,40,Plymouth,2405,27,180,3,42,42A,7,1,,{8FA433F0-F5EB-47B6-98A3-9FE60989D61B}
347,3,5748458.82978436,17790.9853160298,260,Plymouth W-03 P-14,40,Plymouth,2465,27,180,3,42,42B,2,1,,{A136BFEF-0183-4575-BEED-6B25CF70ACB5}
348,1,4220873.30642799,12021.780791234,260,Plymouth W-01 P-04,40,Plymouth,2415,27,180,3,42,42A,7,1,,{2F9A3829-497C-485B-A309-DB38110930D4}
349,1,1998676.81187559,6887.69741113231,260,Plymouth W-01 P-05,40,Plymouth,2420,27,180,3,42,42B,2,1,,{D0F4C5E8-86A0-46ED-8DF8-FA268F25056B}
350,3,6558639.46576777,11986.8680205187,260,Plymouth W-03 P-15,40,Plymouth,2470,27,180,3,42,42A,2,1,,{F13E6D59-BC27-44B3-9342-68EE9061B406}
351,3,3153628.96133982,10299.2228169447,260,Plymouth W-03 P-16,40,Plymouth,2475,27,180,3,43,43B,2,1,,{BB198C8B-522E-4866-9CB0-3B9021874291}
352,2,5260829.18986037,9399.92144675803,260,Plymouth W-02 P-08,40,Plymouth,2435,27,180,3,42,42A,2,1,,{636A6DF2-3618-4E79-A50E-E8E734602500}
353,2,4421414.76381383,9386.80588639408,260,Plymouth W-02 P-09,40,Plymouth,2440,27,180,3,42,42A,7,1,,{E52487EF-5D6F-434E-B60F-AA9F6A871D2F}
354,2,4836380.83246372,9011.99929342081,260,Plymouth W-02 P-07,40,Plymouth,2430,27,180,3,42,42A,2,1,,{15D1D40B-9817-4C0C-9E41-468A3754DCCE}
355,4,2912679.44495354,9514.47099613621,260,Plymouth W-04 P-18,40,Plymouth,2485,27,180,3,42,42B,7,1,,{F9FCC828-F831-427C-AECB-211E17DB3045}
356,1,6127259.97738026,11396.4221957998,260,Plymouth W-01 P-01,40,Plymouth,2400,27,180,3,42,42A,7,1,,{C6AC1992-4AFA-4639-94DF-FC7DAA868046}
357,1,3136298.59330314,7367.76850911322,260,Plymouth W-01 P-03,40,Plymouth,2410,27,180,3,42,42B,7,1,,{DA9887A9-5F48-4513-B5A4-C3AC96CC34E4}
358,3,2518961.85235611,6814.02437074117,260,Richfield W-03 P-07,42,Richfield,2605,27,185,5,51,51A,5,4,,{306FFEC3-CD4E-4660-AF7C-E2BB2BDC5707}
359,3,1582064.53143914,5578.97928527179,260,Richfield W-03 P-08,42,Richfield,2610,27,185,5,51,51A,5,5,,{7875BB5A-1135-4DB9-A99C-F2750FA195DF}
360,3,1523061.47608268,5807.68006136331,260,Richfield W-03 P-09,42,Richfield,2615,27,185,5,51,51A,5,5,,{3DE2F705-8DBD-4B9E-9827-0D6747B38C24}
361,2,1905226.716471,5855.44049205816,260,Richfield W-02 P-06,42,Richfield,2595,27,185,5,51,51A,5,5,,{03D3D376-CB6C-4B35-B39D-5E93FC1B2228}
362,2,2045878.28931958,6393.3910031752,260,Richfield W-02 P-05,42,Richfield,2600,27,185,5,51,51A,5,4,,{81E438AA-3DAA-47A9-BB9E-09BCACBB1A3E}
363,2,1976148.49071273,6922.59693828899,260,Richfield W-02 P-04,42,Richfield,2590,27,185,5,51,51A,5,4,,{13BAE934-0504-4769-8BCE-9EE9B274B9D3}
364,1,2125941.83052099,5920.25530918568,260,Richfield W-01 P-01,42,Richfield,2575,27,185,5,51,51A,5,4,,{E00BD356-6785-4619-9F1F-08F620FEA4F3}
365,1,2626018.65151748,8183.85544919141,260,Richfield W-01 P-03,42,Richfield,2585,27,185,5,51,51A,5,4,,{1EF91F15-EFAB-41BB-8AD4-B733BE2AA6D6}
366,1,1598932.26658924,5585.8167605774,260,Richfield W-01 P-02,42,Richfield,2580,27,185,5,51,51A,5,4,,{8E66C0D1-B799-44AC-A5EF-3DA94955CFE3}
367,W,10196327.1508514,13426.3607211769,260,Brooklyn Park W-W P-08,48,Brooklyn Park,0430,27,15,3,34,34B,1,2,,{F312E03F-A2C7-416A-9A85-5AF1B1A92773}
368,E,3605728.7366603,11101.9769235387,260,Brooklyn Park W-E P-06,48,Brooklyn Park,0365,27,15,3,34,34B,1,2,,{68D8C609-5CD2-45B6-8FD5-16A175CE14AB}
369,C,4068275.06761198,8939.85519605696,260,Brooklyn Park W-C P-07,48,Brooklyn Park,0330,27,15,3,34,34B,1,2,,{2E60E9B6-FDBD-4C41-96DA-7E59FBBE2D73}
370,W,1130126.81472851,4534.0460877175,260,Brooklyn Park W-W P-02,48,Brooklyn Park,0400,27,15,3,38,38A,1,3,,{D9B1A676-D940-4394-AF55-BB0D78E79173}
371,W,1808863.36731091,7232.39480479346,260,Brooklyn Park W-W P-04,48,Brooklyn Park,0410,27,15,3,38,38A,1,2,,{F1819FC6-F4EB-4DB4-B8AC-6FCBD4510F02}
372,W,1958171.61390792,6563.14964836862,260,Brooklyn Park W-W P-05,48,Brooklyn Park,0415,27,15,3,38,38A,1,2,,{4474DA4C-20CD-4052-BCFB-224FA1991002}
373,W,5537756.07460209,12537.2450445229,260,Brooklyn Park W-W P-03,48,Brooklyn Park,0405,27,15,3,38,38A,1,3,,{F075174A-27BC-4CDB-BCD3-A1FA4326CFB8}
374,W,1467561.12956994,5076.52798091638,260,Brooklyn Park W-W P-07,48,Brooklyn Park,0425,27,15,3,38,38A,1,2,,{02DA6E6B-0E17-4D16-A35D-D7D46FDBA26C}
375,W,5046277.05542863,10472.9718884041,260,Brooklyn Park W-W P-06,48,Brooklyn Park,0420,27,15,3,38,38A,1,2,,{F836956F-A85C-405D-84A1-E608182E3E95}
376,E,1285910.56692203,4607.17171563596,260,Brooklyn Park W-E P-01,48,Brooklyn Park,0340,27,15,3,38,38B,1,2,,{7066EA52-58D9-4504-B816-6ED3E2DE2246}
377,E,1587953.37481785,6603.69822294902,260,Brooklyn Park W-E P-03,48,Brooklyn Park,0350,27,15,3,38,38B,1,2,,{8891458B-C6AA-4A02-BE07-E5C1D8A3F55F}
378,E,2458645.3697542,7369.48895043373,260,Brooklyn Park W-E P-02,48,Brooklyn Park,0345,27,15,3,38,38B,1,2,,{7C3F47DB-234A-444D-87D5-3D5F8318DE9A}
379,E,2218618.38250045,7569.94115188107,260,Brooklyn Park W-E P-09,48,Brooklyn Park,0380,27,15,3,34,34B,1,2,,{B41C6A86-A724-4212-B1A8-FF9DCF2916FB}
380,E,3952471.11076886,10843.7280520094,260,Brooklyn Park W-E P-08,48,Brooklyn Park,0375,27,15,3,34,34B,1,2,,{BC410AD2-E75D-4C2F-9D95-D6CD9DC2A74A}
381,E,4205644.70076096,10953.1273634318,260,Brooklyn Park W-E P-07,48,Brooklyn Park,0370,27,15,3,34,34B,1,2,,{7DBF9A19-25DB-4C38-9FB0-FEE8BDD8051C}
382,E,1281115.42044854,4908.01892373086,260,Brooklyn Park W-E P-04,48,Brooklyn Park,0355,27,15,3,34,34B,1,2,,{1F34DDD9-0F0E-4BC8-9470-DA64E24041CC}
383,E,1193936.5851373,5167.56984762369,260,Brooklyn Park W-E P-05,48,Brooklyn Park,0360,27,15,3,34,34B,1,2,,{6279229B-EED4-4A24-AACD-657B01DFC932}
384,C,1100123.9266138,5086.22364461519,260,Brooklyn Park W-C P-01,48,Brooklyn Park,0300,27,15,3,38,38A,1,2,,{64E414EA-1C7E-48D3-B63C-87DB8B8C49B4}
385,C,1844089.56499368,5787.39475404245,260,Brooklyn Park W-C P-03,48,Brooklyn Park,0310,27,15,3,34,34B,1,2,,{FAE45D46-293A-4242-A624-118DAF0E9582}
386,C,1591647.96601008,5213.47456670296,260,Brooklyn Park W-C P-02,48,Brooklyn Park,0305,27,15,3,38,38A,1,2,,{F3ED1522-A974-47D6-82C5-113E5B654186}
387,C,2521406.80375717,6374.31731870115,260,Brooklyn Park W-C P-04,48,Brooklyn Park,0315,27,15,3,38,38A,1,2,,{96D9DAFD-4388-4D73-8C03-F96E9C11F511}
388,C,2206580.32929981,5929.87015537525,260,Brooklyn Park W-C P-05,48,Brooklyn Park,0320,27,15,3,38,38A,1,2,,{9707E172-2F3B-4EEE-A8F4-CBA198960934}
389,C,1664388.1726458,6833.57784325027,260,Brooklyn Park W-C P-06,48,Brooklyn Park,0325,27,15,3,34,34B,1,2,,{875EC8FB-68FF-4CB7-B7EB-13CE8A94873A}
390,C,2693723.23458528,7158.60503277948,260,Brooklyn Park W-C P-08,48,Brooklyn Park,0335,27,15,3,34,34B,1,2,,{602C404E-203E-4D1C-84AC-B3EBF75C2187}
391,W,2077033.58893591,6962.63360484119,260,Brooklyn Park W-W P-01,48,Brooklyn Park,0395,27,15,3,38,38A,1,3,,{0F2CDF36-EA33-4BBB-AD1F-FAB1AE0BF6CE}
392,,8698879.63284921,26250.24402067,260,Shorewood P-02,26,Shorewood,2730,27,220,3,45,45A,6,4,,{6E7223BA-FA55-42DB-98A9-228CC71CF4CA}
393,,3261553.48479193,8145.70343067241,260,Brooklyn Center P-05,22,Brooklyn Center,0220,27,10,5,38,38B,1,3,,{42BB8A6F-BF75-4934-936C-8F6C4D7FCA8C}
394,,617763.503504665,3249.9109551295,260,Chanhassen P-01,14,Chanhassen,0485,27,26,3,49,49A,5,5,,{52F82D13-FBD0-4945-83A7-D9EFD283BBD3}
395,,8096.577669385,391.159906246398,260,Chanhassen P-02,14,Chanhassen,0490,27,26,3,45,45A,6,5,,{8E43F4FA-BBB9-4797-9F82-EBC906BEBF08}
396,02,6543242.46096328,17166.0620214492,260,Bloomington W-02 P-10,20,Bloomington,0050,27,5,3,50,50B,5,5,,{DD2BB48D-6907-4CA1-9F74-35EC7161927A}
397,02,2366472.06310442,8984.14684192833,260,Bloomington W-02 P-13,20,Bloomington,0065,27,5,3,50,50B,5,5,,{61E04E0C-469C-46C3-BE81-5ED07FAD6286}
